{
  "config": {
    "run_name": "exp1_1_K32_L2",
    "out_dir": "./results",
    "seed": 2033114612,
    "bs_train": 256,
    "bs_test": 256,
    "batches": 100,
    "epochs": 100,
    "early_stopping": 3,
    "checkpoints": null,
    "lr": 0.001,
    "reg": 0.001,
    "filters_per_layer": [
      32
    ],
    "layers_per_block": 2,
    "pool_every": 1,
    "hidden_dims": [
      1024
    ],
    "ycn": false,
    "kw": {}
  },
  "results": {
    "num_epochs": 56,
    "train_loss": [
      2.295870847847997,
      2.246900215440867,
      2.0384714202005036,
      1.9168735821636356,
      1.8499880049909865,
      1.7970571000965274,
      1.7475874095546955,
      1.6968693982581704,
      1.646425978869808,
      1.6002102056328131,
      1.5571428567779309,
      1.520009563893688,
      1.48786788023248,
      1.4587527908840958,
      1.4313438966566203,
      1.405585021388774,
      1.381209210473664,
      1.357868645264178,
      1.3347695439445728,
      1.3124654858696216,
      1.2903432323008168,
      1.2684258301647342,
      1.2464445841555694,
      1.2251510699184573,
      1.2037509278375276,
      1.1825958386975892,
      1.1621590712848975,
      1.1416505739396932,
      1.1216441642264932,
      1.1016895561193933,
      1.082077569803413,
      1.062500896198409,
      1.0428025804612102,
      1.0235057415402666,
      1.004303757937587,
      0.9849213142784274,
      0.9659898944047033,
      0.9472950067447157,
      0.9281887761792358,
      0.908889216123795,
      0.8897667004137623,
      0.870971039241674,
      0.8518487403587419,
      0.8324395992926189,
      0.8127993132386889,
      0.7930348881957482,
      0.7728035795141239,
      0.7531054745219192,
      0.7325526925982261,
      0.7122197222648835,
      0.6915913096496037,
      0.6715603625896026,
      0.6506139449014956,
      0.630335138312408,
      0.6100673864082414,
      0.5895222030123886,
      0.5698507010024421
    ],
    "train_acc": [
      16.03,
      23.398,
      28.974,
      32.65,
      35.528,
      37.334,
      38.978,
      40.674,
      42.434,
      43.87,
      45.332,
      46.548,
      47.64,
      48.638,
      49.61,
      50.522,
      51.398,
      52.262,
      53.164,
      53.95,
      54.674,
      55.55,
      56.36,
      57.164,
      57.834,
      58.668,
      59.396,
      60.17,
      60.848,
      61.516,
      62.28,
      63.054,
      63.744,
      64.482,
      65.18,
      65.932,
      66.662,
      67.29,
      68.08,
      68.742,
      69.45,
      70.142,
      70.912,
      71.638,
      72.362,
      73.042,
      73.776,
      74.538,
      75.2,
      75.922,
      76.77,
      77.498,
      78.336,
      79.04,
      79.936,
      80.77,
      81.414
    ],
    "test_loss": [
      2.2849158465862276,
      2.1636185228824614,
      1.9445510923862457,
      1.867735069990158,
      1.8130004435777665,
      1.7678826719522476,
      1.7246851980686189,
      1.6867942184209823,
      1.6548839598894118,
      1.5958174526691438,
      1.5448880612850189,
      1.5106419444084167,
      1.4812430024147034,
      1.4558232843875885,
      1.434333363175392,
      1.4149163037538528,
      1.3981203317642212,
      1.3828011393547057,
      1.3691386282444,
      1.357433819770813,
      1.3451115190982819,
      1.3336510062217712,
      1.3161568224430085,
      1.3006547123193741,
      1.28408904671669,
      1.2684310048818588,
      1.2561848670244218,
      1.2427082777023315,
      1.2290550947189331,
      1.215814408659935,
      1.204544547200203,
      1.1937547415494918,
      1.1836905747652053,
      1.17294033318758,
      1.164994451403618,
      1.1581516504287719,
      1.1506185412406922,
      1.1441754579544068,
      1.137532724440098,
      1.1326716050505639,
      1.1287406727671623,
      1.1262654423713685,
      1.122033603489399,
      1.1193674072623252,
      1.1133930876851081,
      1.112933686375618,
      1.1112457796931268,
      1.1081755220890046,
      1.1062547728419303,
      1.1048515632748603,
      1.1010493800044059,
      1.0988366574048996,
      1.1006838336586953,
      1.100472740828991,
      1.1021300330758095,
      1.1063936069607734,
      1.1126043617725372
    ],
    "test_acc": [
      16.03,
      23.398,
      28.974,
      32.65,
      35.528,
      37.334,
      38.978,
      40.674,
      42.434,
      43.87,
      45.332,
      46.548,
      47.64,
      48.638,
      49.61,
      50.522,
      51.398,
      52.262,
      53.164,
      53.95,
      54.674,
      55.55,
      56.36,
      57.164,
      57.834,
      58.668,
      59.396,
      60.17,
      60.848,
      61.516,
      62.28,
      63.054,
      63.744,
      64.482,
      65.18,
      65.932,
      66.662,
      67.29,
      68.08,
      68.742,
      69.45,
      70.142,
      70.912,
      71.638,
      72.362,
      73.042,
      73.776,
      74.538,
      75.2,
      75.922,
      76.77,
      77.498,
      78.336,
      79.04,
      79.936,
      80.77,
      81.414
    ]
  }
}