{
  "config": {
    "run_name": "exp1_1_K32_L4",
    "out_dir": "./results",
    "seed": 1732716664,
    "bs_train": 256,
    "bs_test": 256,
    "batches": 100,
    "epochs": 100,
    "early_stopping": 3,
    "checkpoints": null,
    "lr": 0.01,
    "reg": 0.001,
    "filters_per_layer": [
      32
    ],
    "layers_per_block": 4,
    "pool_every": 1,
    "hidden_dims": [
      1024
    ],
    "ycn": false,
    "kw": {}
  },
  "results": {
    "num_epochs": 12,
    "train_loss": [
      2.171492333314857,
      1.7235432735511236,
      1.5541746135877104,
      1.4385696801604058,
      1.337320939618714,
      1.2533276485545295,
      1.1549077760808322,
      1.0638688471244306,
      0.9579180238806472,
      0.831719695153285,
      0.7210742040556304,
      0.6299251977886472,
      0.523964735470256
    ],
    "train_acc": [
      19.73,
      38.768,
      44.64,
      48.622,
      52.306,
      55.716,
      59.066,
      62.396,
      66.288,
      70.776,
      74.762,
      77.646,
      81.552
    ],
    "test_loss": [
      1.9173343062400818,
      1.600503072142601,
      1.4611847460269929,
      1.3672620058059692,
      1.3087557435035706,
      1.2479817301034928,
      1.2090992391109467,
      1.189781868457794,
      1.2449293062090874,
      1.2417597383260728,
      1.357932659983635,
      1.5973311632871627,
      1.7312601029872894
    ],
    "test_acc": [
      19.73,
      38.768,
      44.64,
      48.622,
      52.306,
      55.716,
      59.066,
      62.396,
      66.288,
      70.776,
      74.762,
      77.646,
      81.552
    ]
  }
}