{
  "config": {
    "run_name": "exp1_2_K258_L4",
    "out_dir": "./results",
    "seed": 719584480,
    "bs_train": 128,
    "bs_test": 32,
    "batches": 100,
    "epochs": 100,
    "early_stopping": 2,
    "checkpoints": null,
    "lr": 0.001,
    "reg": 0.001,
    "filters_per_layer": [
      258
    ],
    "layers_per_block": 4,
    "pool_every": 2,
    "hidden_dims": [
      1024
    ],
    "ycn": false,
    "kw": {}
  },
  "results": {
    "num_epochs": 13,
    "train_loss": [
      1.748154487146441,
      1.2936378962853377,
      1.0897879605098149,
      0.9556881107027878,
      0.8612930995728963,
      0.7893896139491244,
      0.7237724293680752,
      0.6678596154960525,
      0.6282999451507998,
      0.5812883695678028,
      0.5543102208915573,
      0.5123474613175063,
      0.48670792190924933,
      0.46104030353029063
    ],
    "train_acc": [
      34.552,
      52.464,
      60.978,
      66.02,
      69.45,
      72.198,
      74.648,
      76.604,
      77.984,
      79.488,
      80.43,
      82.126,
      82.934,
      83.798
    ],
    "test_loss": [
      1.4157764525078356,
      1.1610427477870124,
      0.9994272256430726,
      0.9277290785655427,
      0.9143912827435393,
      0.807093611540505,
      0.8261770650792045,
      0.7860932721497532,
      0.7213513659783446,
      0.7678630113982545,
      0.7474069766724072,
      0.7048687285032517,
      0.7216791859545266,
      0.731657402393536
    ],
    "test_acc": [
      47.77,
      57.8,
      64.7,
      66.84,
      67.64,
      71.62,
      71.0,
      72.97,
      75.3,
      73.46,
      74.45,
      76.39,
      75.92,
      75.29
    ]
  }
}