{
  "config": {
    "run_name": "exp1_2_K64_L2",
    "out_dir": "./results",
    "seed": 559105909,
    "bs_train": 128,
    "bs_test": 32,
    "batches": 100,
    "epochs": 100,
    "early_stopping": 2,
    "checkpoints": null,
    "lr": 0.001,
    "reg": 0.001,
    "filters_per_layer": [
      64
    ],
    "layers_per_block": 2,
    "pool_every": 2,
    "hidden_dims": [
      1024
    ],
    "ycn": false,
    "kw": {}
  },
  "results": {
    "num_epochs": 14,
    "train_loss": [
      1.5404273015458871,
      1.2098918180636433,
      1.0659489602688939,
      0.9715048785099898,
      0.9062384749617418,
      0.8406040727939752,
      0.7910401488813903,
      0.743613671006449,
      0.6982008315565641,
      0.655046163465056,
      0.6139588774470113,
      0.5757976618721662,
      0.5373310206643761,
      0.5026741480583425,
      0.47023833224840483
    ],
    "train_acc": [
      44.21,
      56.698,
      62.078,
      65.766,
      68.122,
      70.496,
      72.466,
      73.802,
      75.66,
      77.258,
      78.574,
      80.07,
      81.366,
      82.646,
      83.804
    ],
    "test_loss": [
      1.3132911941494805,
      1.1671401380350033,
      1.022477969574852,
      1.028101212681292,
      0.9361521953972765,
      0.903894481567529,
      0.8816765135469528,
      0.8838708829194212,
      0.8253515300849756,
      0.8308033732750926,
      0.8005248087282759,
      0.8010584598722549,
      0.7931672467972143,
      0.8133973989623804,
      0.869828822799384
    ],
    "test_acc": [
      53.07,
      58.81,
      63.97,
      63.49,
      66.99,
      68.39,
      68.93,
      69.95,
      71.28,
      71.24,
      72.46,
      72.17,
      72.93,
      72.47,
      71.0
    ]
  }
}