{
  "config": {
    "run_name": "exp1_2_L1_K64-128-256",
    "out_dir": "./results",
    "seed": 1890078485,
    "bs_train": 128,
    "bs_test": 32,
    "batches": 100,
    "epochs": 100,
    "early_stopping": 2,
    "checkpoints": null,
    "lr": 0.001,
    "reg": 0.001,
    "filters_per_layer": [
      64,
      128,
      256
    ],
    "layers_per_block": 1,
    "pool_every": 2,
    "hidden_dims": [
      1024
    ],
    "ycn": false,
    "kw": {}
  },
  "results": {
    "num_epochs": 17,
    "train_loss": [
      1.605141980263888,
      1.189664752282145,
      1.019202923073488,
      0.9054986810135415,
      0.8270438363789903,
      0.760981673093708,
      0.7059019653083723,
      0.6630266455890578,
      0.6110455722302732,
      0.5771328938739074,
      0.5449544265294624,
      0.5076554303279008,
      0.47278392215823883,
      0.4408353312164926,
      0.4161198880437695,
      0.38987824743818444,
      0.36516731554437476,
      0.33108613207517074
    ],
    "train_acc": [
      41.038,
      57.346,
      63.986,
      68.334,
      70.874,
      73.306,
      75.18,
      76.802,
      78.598,
      79.828,
      80.98,
      82.274,
      83.342,
      84.81,
      85.576,
      86.456,
      87.408,
      88.564
    ],
    "test_loss": [
      1.2969917679747072,
      1.1039967051329322,
      1.0548428477951513,
      0.8847411035920103,
      0.8314108869519097,
      0.8068755960312134,
      0.8008860828587041,
      0.8022118805886839,
      0.7499154069172308,
      0.7336324228646275,
      0.7810420860497715,
      0.7350563067026412,
      0.7254051076718413,
      0.7095501310052201,
      0.7220498167287809,
      0.7185451929656842,
      0.7386331478246866,
      0.7733843418927239
    ],
    "test_acc": [
      52.38,
      60.73,
      62.11,
      69.85,
      71.23,
      71.98,
      72.23,
      72.4,
      74.5,
      74.88,
      73.72,
      74.71,
      75.62,
      76.12,
      75.54,
      76.28,
      76.44,
      75.66
    ]
  }
}