{
  "config": {
    "run_name": "exp1_1_K64_L4",
    "out_dir": "./results",
    "seed": 1229121103,
    "bs_train": 128,
    "bs_test": 32,
    "batches": 100,
    "epochs": 100,
    "early_stopping": 2,
    "checkpoints": null,
    "lr": 0.001,
    "reg": 0.001,
    "filters_per_layer": [
      64
    ],
    "layers_per_block": 4,
    "pool_every": 2,
    "hidden_dims": [
      1024
    ],
    "ycn": false,
    "kw": {}
  },
  "results": {
    "num_epochs": 22,
    "train_loss": [
      1.7511350260976026,
      1.3372272884144503,
      1.1637703790079297,
      1.043159536388524,
      0.9515900244493314,
      0.8715167193461562,
      0.8119944733427004,
      0.7644409006818786,
      0.7156542026630753,
      0.6820625166606415,
      0.656009136182268,
      0.6173848035695303,
      0.5960166897920086,
      0.575971459336293,
      0.5492617725716222,
      0.5294848105791584,
      0.5105491731782703,
      0.4938553373527039,
      0.4708499845946231,
      0.4626262750467071,
      0.44098733140684454,
      0.4327179768201335,
      0.4161329654324085
    ],
    "train_acc": [
      34.904,
      50.384,
      57.756,
      62.646,
      66.002,
      68.924,
      71.208,
      73.016,
      74.854,
      76.102,
      77.078,
      78.344,
      79.168,
      79.894,
      80.716,
      81.458,
      81.98,
      82.468,
      83.29,
      83.76,
      84.684,
      84.856,
      85.358
    ],
    "test_loss": [
      1.4238230746013287,
      1.2215306998822635,
      1.1198850584487183,
      1.01529110753879,
      0.9236083263977648,
      0.9047918864332449,
      0.8403976410151289,
      0.8190857438614574,
      0.801449534420769,
      0.780986477010928,
      0.749351004346872,
      0.7904619051815983,
      0.7884482428098258,
      0.7680130227686117,
      0.7383556873463213,
      0.7734040082834018,
      0.7492665048605337,
      0.7290688101856854,
      0.7230543285703507,
      0.7619705881935339,
      0.7435781446318276,
      0.747929610002536,
      0.7681896220000026
    ],
    "test_acc": [
      46.3,
      55.17,
      59.29,
      64.39,
      67.39,
      67.73,
      70.82,
      72.17,
      71.84,
      72.68,
      74.29,
      72.73,
      73.2,
      74.02,
      74.98,
      73.34,
      74.76,
      75.76,
      75.8,
      75.33,
      75.12,
      75.5,
      74.74
    ]
  }
}