{
  "config": {
    "run_name": "exp1_1_K32_L8",
    "out_dir": "./results",
    "seed": 878116359,
    "bs_train": 128,
    "bs_test": 32,
    "batches": 100,
    "epochs": 100,
    "early_stopping": 2,
    "checkpoints": null,
    "lr": 0.001,
    "reg": 0.001,
    "filters_per_layer": [
      32
    ],
    "layers_per_block": 8,
    "pool_every": 2,
    "hidden_dims": [
      1024
    ],
    "ycn": false,
    "kw": {}
  },
  "results": {
    "num_epochs": 4,
    "train_loss": [
      2.303733262259637,
      2.3029000301800115,
      2.302761755331093,
      2.302740453149352,
      2.3026925450395743
    ],
    "train_acc": [
      10.122,
      9.676,
      9.854,
      9.548,
      10.094
    ],
    "test_loss": [
      2.3027659993583023,
      2.302743328265108,
      2.302607738933624,
      2.3025943593095284,
      2.3025964182405807
    ],
    "test_acc": [
      10.0,
      10.0,
      10.0,
      10.0,
      10.0
    ]
  }
}