{
  "config": {
    "run_name": "exp1_2_L2_K64-128-256",
    "out_dir": "./results",
    "seed": 1893799162,
    "bs_train": 128,
    "bs_test": 32,
    "batches": 100,
    "epochs": 100,
    "early_stopping": 2,
    "checkpoints": null,
    "lr": 0.001,
    "reg": 0.001,
    "filters_per_layer": [
      64,
      128,
      256
    ],
    "layers_per_block": 2,
    "pool_every": 2,
    "hidden_dims": [
      1024
    ],
    "ycn": false,
    "kw": {}
  },
  "results": {
    "num_epochs": 17,
    "train_loss": [
      1.834910708010349,
      1.3672865366996707,
      1.1419110130471037,
      0.9926330009689721,
      0.8831626625012254,
      0.8010051033990767,
      0.7243697397849139,
      0.6636595649030202,
      0.6121034997198588,
      0.5608901812139985,
      0.5203297683192641,
      0.4871980191953957,
      0.4517099177441024,
      0.4232680435528231,
      0.38798556844596666,
      0.3564439118289582,
      0.32915219828448333,
      0.29453396907700297
    ],
    "train_acc": [
      30.812,
      49.91,
      59.15,
      64.882,
      68.792,
      71.76,
      74.716,
      76.584,
      78.504,
      80.26,
      81.614,
      82.742,
      84.236,
      85.052,
      86.474,
      87.366,
      88.268,
      89.514
    ],
    "test_loss": [
      1.4945539361752642,
      1.2195662688523436,
      1.0672058982970996,
      1.0092924749508452,
      0.8691707003040435,
      0.8139235561076825,
      0.7962564315658789,
      0.7352181183644377,
      0.7157947111624879,
      0.7275803915608805,
      0.6686363733424165,
      0.6873728361563941,
      0.6768725084039731,
      0.658969982411153,
      0.7211774732834234,
      0.6485325651237378,
      0.6542606548950695,
      0.6579337815126292
    ],
    "test_acc": [
      43.88,
      55.79,
      61.83,
      64.57,
      69.53,
      71.65,
      72.37,
      74.64,
      75.01,
      74.79,
      77.59,
      76.87,
      77.34,
      78.39,
      77.09,
      78.87,
      78.47,
      79.2
    ]
  }
}