{
  "config": {
    "run_name": "exp1_2_K32_L4",
    "out_dir": "./results",
    "seed": 2048091407,
    "bs_train": 128,
    "bs_test": 32,
    "batches": 100,
    "epochs": 100,
    "early_stopping": 2,
    "checkpoints": null,
    "lr": 0.001,
    "reg": 0.001,
    "filters_per_layer": [
      32
    ],
    "layers_per_block": 4,
    "pool_every": 2,
    "hidden_dims": [
      1024
    ],
    "ycn": false,
    "kw": {}
  },
  "results": {
    "num_epochs": 14,
    "train_loss": [
      1.8084015343195337,
      1.4650491314470921,
      1.3180369105180512,
      1.2170871906268321,
      1.1368987877350634,
      1.0585151426017743,
      0.9969010284489683,
      0.9516589079061737,
      0.9157157232389426,
      0.8777423885167407,
      0.8493386618316631,
      0.8179830773102353,
      0.8010286736061506,
      0.7842421074352606,
      0.762693636252752
    ],
    "train_acc": [
      32.09,
      46.032,
      51.638,
      55.87,
      59.266,
      61.88,
      64.522,
      66.036,
      67.548,
      68.76,
      69.85,
      70.894,
      71.678,
      72.236,
      73.29
    ],
    "test_loss": [
      1.619159897676291,
      1.4108234737246943,
      1.2235311894371106,
      1.1407806203007318,
      1.1000686623037053,
      1.0373410131222904,
      0.9939263843880675,
      0.9957956281332924,
      0.9204831617518355,
      0.9231864169192391,
      0.8888780141409974,
      0.8739221966304718,
      0.8529736993792719,
      0.861317882141747,
      0.8793645362122752
    ],
    "test_acc": [
      41.78,
      48.75,
      55.93,
      58.9,
      61.11,
      62.56,
      64.57,
      64.58,
      68.25,
      67.69,
      69.09,
      69.59,
      70.39,
      70.24,
      69.14
    ]
  }
}