{
  "config": {
    "run_name": "exp1_2_K128_L4",
    "out_dir": "./results",
    "seed": 1614062625,
    "bs_train": 128,
    "bs_test": 32,
    "batches": 100,
    "epochs": 100,
    "early_stopping": 2,
    "checkpoints": null,
    "lr": 0.001,
    "reg": 0.001,
    "filters_per_layer": [
      128
    ],
    "layers_per_block": 4,
    "pool_every": 2,
    "hidden_dims": [
      1024
    ],
    "ycn": false,
    "kw": {}
  },
  "results": {
    "num_epochs": 7,
    "train_loss": [
      1.6632530488016661,
      1.2359101028393602,
      1.0266657268909543,
      0.8870333231928403,
      0.7801214480948875,
      0.7050172096628058,
      0.6438505859935985,
      0.5957258955749405
    ],
    "train_acc": [
      37.812,
      54.826,
      63.494,
      68.578,
      72.504,
      75.352,
      77.53,
      79.3
    ],
    "test_loss": [
      1.3349502977852623,
      1.1824685548441098,
      0.9576839423789003,
      0.8968590387521079,
      0.8270600588557819,
      0.7480702801063038,
      0.7805388108038673,
      0.8077629306636298
    ],
    "test_acc": [
      51.09,
      57.91,
      66.37,
      68.4,
      70.71,
      74.06,
      73.1,
      71.79
    ]
  }
}