{
  "config": {
    "run_name": "exp1_2_K258_L2",
    "out_dir": "./results",
    "seed": 88966803,
    "bs_train": 128,
    "bs_test": 32,
    "batches": 100,
    "epochs": 100,
    "early_stopping": 2,
    "checkpoints": null,
    "lr": 0.001,
    "reg": 0.001,
    "filters_per_layer": [
      258
    ],
    "layers_per_block": 2,
    "pool_every": 2,
    "hidden_dims": [
      1024
    ],
    "ycn": false,
    "kw": {}
  },
  "results": {
    "num_epochs": 14,
    "train_loss": [
      1.5445134191561842,
      1.2168756139552808,
      1.1040797504927495,
      1.0275256363937006,
      0.962929328994068,
      0.9042657821074777,
      0.8516018666574717,
      0.8055588817962295,
      0.751581232566053,
      0.7097914234146743,
      0.673034642053687,
      0.6299876342039279,
      0.5866924296407139,
      0.5410169354637565,
      0.5184530092932075
    ],
    "train_acc": [
      43.792,
      56.62,
      60.674,
      63.42,
      65.798,
      67.952,
      69.838,
      71.678,
      73.686,
      75.254,
      76.548,
      78.042,
      79.648,
      80.912,
      81.904
    ],
    "test_loss": [
      1.2961932654959707,
      1.1676461593792462,
      1.0708468451667517,
      1.0389998629451178,
      1.0212871885528199,
      0.9739404433070661,
      0.9681802622426432,
      0.9261672671991416,
      0.9528307747155332,
      0.9456377684498747,
      0.8985102626081473,
      0.9054402888963778,
      0.8942565247654534,
      0.9536599988183274,
      0.9869305137247323
    ],
    "test_acc": [
      53.03,
      57.8,
      62.18,
      62.78,
      63.29,
      65.59,
      66.07,
      67.18,
      66.49,
      67.0,
      69.23,
      69.15,
      69.65,
      68.42,
      67.24
    ]
  }
}