{
  "config": {
    "run_name": "exp1_1_K32_L4",
    "out_dir": "./results",
    "seed": 837521007,
    "bs_train": 128,
    "bs_test": 32,
    "batches": 100,
    "epochs": 100,
    "early_stopping": 2,
    "checkpoints": null,
    "lr": 0.001,
    "reg": 0.001,
    "filters_per_layer": [
      32
    ],
    "layers_per_block": 4,
    "pool_every": 2,
    "hidden_dims": [
      1024
    ],
    "ycn": false,
    "kw": {}
  },
  "results": {
    "num_epochs": 19,
    "train_loss": [
      1.8400313424332368,
      1.485327212401973,
      1.339920075043388,
      1.240484694538214,
      1.1545017346396775,
      1.0879143333191152,
      1.0400869936284507,
      0.9948429081141187,
      0.9609194231765045,
      0.9232540382143787,
      0.8884008863697881,
      0.8709916573046418,
      0.8483593698657687,
      0.8213676855997052,
      0.8103792818306047,
      0.7856277271609782,
      0.7698536454259283,
      0.7541697368292553,
      0.738565028933308,
      0.7241730020021844
    ],
    "train_acc": [
      31.052,
      45.238,
      50.828,
      55.042,
      58.432,
      60.844,
      62.614,
      64.262,
      65.54,
      67.05,
      68.132,
      69.066,
      69.994,
      70.754,
      71.248,
      72.178,
      72.484,
      73.22,
      73.898,
      74.306
    ],
    "test_loss": [
      1.5455528924259514,
      1.447102373210005,
      1.2829421532039824,
      1.226475200904444,
      1.1961770867006467,
      1.0591471650349065,
      1.049014840072717,
      1.0085337971346067,
      0.9757407344758701,
      0.9506810016144579,
      0.9679457316764246,
      0.9441470183884374,
      0.9805620898263523,
      0.9417981404465989,
      0.9164279431771165,
      0.8752315242450458,
      0.8669883753544987,
      0.8435153074729176,
      0.8464837123791631,
      0.880385269372227
    ],
    "test_acc": [
      42.77,
      46.67,
      53.02,
      55.71,
      57.58,
      62.27,
      62.75,
      64.3,
      65.3,
      67.05,
      65.4,
      67.14,
      66.25,
      66.97,
      68.35,
      69.77,
      70.1,
      70.86,
      70.25,
      69.48
    ]
  }
}