{
  "config": {
    "run_name": "exp1_1_K32_L2",
    "out_dir": "./results",
    "seed": 658651523,
    "bs_train": 128,
    "bs_test": 32,
    "batches": 100,
    "epochs": 100,
    "early_stopping": 2,
    "checkpoints": null,
    "lr": 0.001,
    "reg": 0.001,
    "filters_per_layer": [
      32
    ],
    "layers_per_block": 2,
    "pool_every": 2,
    "hidden_dims": [
      1024
    ],
    "ycn": false,
    "kw": {}
  },
  "results": {
    "num_epochs": 17,
    "train_loss": [
      1.5366872317345857,
      1.2152931495090884,
      1.0920423441530798,
      1.009641991094555,
      0.9377882290069405,
      0.8795676615536975,
      0.8276967035839929,
      0.7793631570418472,
      0.7338110113235385,
      0.6955887370402246,
      0.6546948651218658,
      0.6193906667134951,
      0.579273487600829,
      0.5408880067298479,
      0.5108446720463541,
      0.4755536082303128,
      0.44603621025981804,
      0.41062909204636694
    ],
    "train_acc": [
      44.49,
      56.642,
      61.408,
      64.458,
      67.202,
      69.268,
      71.2,
      72.834,
      74.426,
      75.698,
      77.202,
      78.408,
      79.924,
      81.366,
      82.52,
      83.694,
      84.672,
      86.144
    ],
    "test_loss": [
      1.3020557841172995,
      1.1759990969785867,
      1.0990556630844506,
      1.0156610459565354,
      0.9895965504570129,
      0.9693181556634629,
      0.9115504809080983,
      0.8704891860865938,
      0.8438038001426111,
      0.9079029891437616,
      0.833285072550606,
      0.8340630491320699,
      0.8133233732308823,
      0.8539837005610664,
      0.847633235275555,
      0.8280120983291358,
      0.849197272961132,
      0.8535020922700437
    ],
    "test_acc": [
      52.74,
      58.2,
      60.49,
      63.87,
      65.54,
      65.04,
      68.28,
      69.83,
      70.88,
      68.04,
      71.23,
      71.45,
      71.9,
      71.43,
      71.29,
      71.62,
      71.96,
      71.92
    ]
  }
}