{
  "config": {
    "run_name": "exp1_1_K32_L16",
    "out_dir": "./results",
    "seed": 1858304359,
    "bs_train": 128,
    "bs_test": 32,
    "batches": 100,
    "epochs": 100,
    "early_stopping": 2,
    "checkpoints": null,
    "lr": 0.001,
    "reg": 0.001,
    "filters_per_layer": [
      32
    ],
    "layers_per_block": 16,
    "pool_every": 2,
    "hidden_dims": [
      1024
    ],
    "ycn": false,
    "kw": {}
  },
  "results": {
    "num_epochs": 5,
    "train_loss": [
      2.303590306235701,
      2.302870702255717,
      2.3027556351078746,
      2.3027976071438214,
      2.3026852296746294,
      2.3026789777419148
    ],
    "train_acc": [
      9.962,
      9.988,
      9.864,
      9.85,
      9.896,
      9.754
    ],
    "test_loss": [
      2.3030329177173945,
      2.302675315747246,
      2.3027556193903234,
      2.3025983080696375,
      2.302592615730846,
      2.302641220366993
    ],
    "test_acc": [
      10.0,
      10.0,
      10.0,
      10.0,
      10.0,
      10.0
    ]
  }
}