{
  "config": {
    "run_name": "exp1_2_L3_K64-128-256",
    "out_dir": "./results",
    "seed": 1204890208,
    "bs_train": 128,
    "bs_test": 32,
    "batches": 100,
    "epochs": 100,
    "early_stopping": 2,
    "checkpoints": null,
    "lr": 0.001,
    "reg": 0.001,
    "filters_per_layer": [
      64,
      128,
      256
    ],
    "layers_per_block": 3,
    "pool_every": 2,
    "hidden_dims": [
      1024
    ],
    "ycn": false,
    "kw": {}
  },
  "results": {
    "num_epochs": 2,
    "train_loss": [
      2.302867013170286,
      2.3027011555479007,
      2.3027569528126044
    ],
    "train_acc": [
      9.862,
      9.71,
      10.076
    ],
    "test_loss": [
      2.302604776601822,
      2.3025940188203755,
      2.302881956100464
    ],
    "test_acc": [
      10.0,
      10.0,
      10.0
    ]
  }
}