{
  "config": {
    "run_name": "exp1_2_K128_L2",
    "out_dir": "./results",
    "seed": 521713026,
    "bs_train": 128,
    "bs_test": 32,
    "batches": 100,
    "epochs": 100,
    "early_stopping": 2,
    "checkpoints": null,
    "lr": 0.001,
    "reg": 0.001,
    "filters_per_layer": [
      128
    ],
    "layers_per_block": 2,
    "pool_every": 2,
    "hidden_dims": [
      1024
    ],
    "ycn": false,
    "kw": {}
  },
  "results": {
    "num_epochs": 13,
    "train_loss": [
      1.5421236732121928,
      1.2292017383343727,
      1.1111900637216885,
      1.026699531108827,
      0.9459666634154746,
      0.8877615192357231,
      0.8274925906030114,
      0.7770485774330471,
      0.7216119956025078,
      0.6827425295129761,
      0.6363265068482256,
      0.5991117711109883,
      0.5539212863311134,
      0.5186123096424601
    ],
    "train_acc": [
      44.352,
      56.254,
      60.464,
      63.41,
      66.552,
      68.592,
      70.918,
      72.668,
      74.736,
      76.166,
      77.898,
      79.354,
      80.742,
      81.894
    ],
    "test_loss": [
      1.292997337187441,
      1.1874212184653115,
      1.0575251095592024,
      1.0454275442388492,
      0.9682601749325712,
      0.9760519721256659,
      0.9361379620747063,
      0.884283861889245,
      0.8912525229370252,
      0.8763861550500218,
      0.8987417615259798,
      0.8427996998206495,
      0.8883262297596795,
      0.908033548643033
    ],
    "test_acc": [
      54.1,
      57.32,
      62.22,
      62.56,
      66.04,
      65.91,
      67.03,
      68.79,
      68.71,
      69.53,
      68.62,
      70.95,
      69.64,
      69.54
    ]
  }
}