{
  "config": {
    "run_name": "exp1_2_K32_L2",
    "out_dir": "./results",
    "seed": 1199874498,
    "bs_train": 128,
    "bs_test": 32,
    "batches": 100,
    "epochs": 100,
    "early_stopping": 2,
    "checkpoints": null,
    "lr": 0.001,
    "reg": 0.001,
    "filters_per_layer": [
      32
    ],
    "layers_per_block": 2,
    "pool_every": 2,
    "hidden_dims": [
      1024
    ],
    "ycn": false,
    "kw": {}
  },
  "results": {
    "num_epochs": 11,
    "train_loss": [
      1.5653014146458462,
      1.238921825233323,
      1.1205085778175412,
      1.029534790979322,
      0.9724802271179531,
      0.9153611888665982,
      0.869077250018449,
      0.8177873187357813,
      0.77533498581718,
      0.7323146970070842,
      0.6947466495549283,
      0.6545699919428667
    ],
    "train_acc": [
      43.642,
      55.804,
      60.172,
      63.894,
      65.782,
      68.05,
      69.702,
      71.486,
      73.128,
      74.422,
      75.764,
      77.41
    ],
    "test_loss": [
      1.3013721329335588,
      1.1645849215717743,
      1.0814741676607833,
      1.0518917575621376,
      0.9710466101908455,
      0.967825456073109,
      0.9386400235727572,
      0.9556161667973089,
      0.8582284036345376,
      0.8442818464372105,
      0.8463150982658703,
      0.8542241329392686
    ],
    "test_acc": [
      53.0,
      58.83,
      61.21,
      62.48,
      65.99,
      65.84,
      66.86,
      66.57,
      69.75,
      70.49,
      70.64,
      70.88
    ]
  }
}