{
  "config": {
    "run_name": "exp1_1_K64_L2",
    "out_dir": "./results",
    "seed": 1800321356,
    "bs_train": 128,
    "bs_test": 32,
    "batches": 100,
    "epochs": 100,
    "early_stopping": 2,
    "checkpoints": null,
    "lr": 0.001,
    "reg": 0.001,
    "filters_per_layer": [
      64
    ],
    "layers_per_block": 2,
    "pool_every": 2,
    "hidden_dims": [
      1024
    ],
    "ycn": false,
    "kw": {}
  },
  "results": {
    "num_epochs": 14,
    "train_loss": [
      1.4796524386271797,
      1.1521317972551526,
      1.019236321339522,
      0.9369954462246517,
      0.8710032971313847,
      0.8129146583854695,
      0.756915620373338,
      0.7164854806707338,
      0.6653888294154116,
      0.6284019690950203,
      0.5847537182176205,
      0.5430227460916085,
      0.5073285352086168,
      0.47067435630751997,
      0.43483629266319374
    ],
    "train_acc": [
      46.84,
      59.046,
      64.33,
      67.186,
      69.416,
      71.524,
      73.476,
      74.89,
      76.816,
      78.056,
      79.67,
      81.038,
      82.318,
      83.754,
      85.208
    ],
    "test_loss": [
      1.2595935820009763,
      1.0874506252261396,
      1.0353142661027634,
      0.9512084741561938,
      0.9246275727741253,
      0.8493653599637004,
      0.8485643193363762,
      0.836096954231445,
      0.8273647086688886,
      0.8103993191315343,
      0.8478814508206547,
      0.8067370772171325,
      0.8043972159536502,
      0.8051564572527766,
      0.8281591605073728
    ],
    "test_acc": [
      54.16,
      61.29,
      63.58,
      66.87,
      67.25,
      70.32,
      70.16,
      71.04,
      71.3,
      72.08,
      70.7,
      72.6,
      72.86,
      73.09,
      72.83
    ]
  }
}