{
  "config": {
    "run_name": "exp1_2_K64_L4",
    "out_dir": "./results",
    "seed": 1485981718,
    "bs_train": 128,
    "bs_test": 32,
    "batches": 100,
    "epochs": 100,
    "early_stopping": 2,
    "checkpoints": null,
    "lr": 0.001,
    "reg": 0.001,
    "filters_per_layer": [
      64
    ],
    "layers_per_block": 4,
    "pool_every": 2,
    "hidden_dims": [
      1024
    ],
    "ycn": false,
    "kw": {}
  },
  "results": {
    "num_epochs": 10,
    "train_loss": [
      1.769127085690608,
      1.3450367798280838,
      1.1637688908735504,
      1.0470390856418463,
      0.9519237572579737,
      0.8851183597998851,
      0.8258415966692483,
      0.7753971746510557,
      0.7358439061647791,
      0.7025246591976536,
      0.6748057894237206
    ],
    "train_acc": [
      33.786,
      50.566,
      57.93,
      62.494,
      65.956,
      68.488,
      70.744,
      72.494,
      73.848,
      75.088,
      76.154
    ],
    "test_loss": [
      1.4492805358319998,
      1.2576207840404572,
      1.0916761380795854,
      1.0169069473735821,
      0.9483294964979251,
      0.9422465093410053,
      0.9083538618141089,
      0.87149401508962,
      0.8050396134868597,
      0.8100928670872515,
      0.8500586452004247
    ],
    "test_acc": [
      45.92,
      54.39,
      60.78,
      63.3,
      66.21,
      66.71,
      68.04,
      69.76,
      72.24,
      71.43,
      70.7
    ]
  }
}