{
  "config": {
    "run_name": "exp2_L1_K64-128-256-512",
    "out_dir": "./results",
    "seed": 605182714,
    "bs_train": 128,
    "bs_test": 32,
    "batches": 100,
    "epochs": 100,
    "early_stopping": 2,
    "checkpoints": null,
    "lr": 0.001,
    "reg": 0.001,
    "filters_per_layer": [
      64,
      128,
      256,
      512
    ],
    "layers_per_block": 1,
    "pool_every": 2,
    "hidden_dims": [
      1024
    ],
    "ycn": true,
    "kw": {}
  },
  "results": {
    "num_epochs": 6,
    "train_loss": [
      1.0958631534100798,
      0.7723518823418776,
      0.6527332556826989,
      0.5755895294649217,
      0.524179629124034,
      0.4825381941502661,
      0.44532848974627914
    ],
    "train_acc": [
      60.644,
      72.86,
      77.188,
      80.102,
      81.74,
      83.306,
      84.67
    ],
    "test_loss": [
      0.9718892328655377,
      0.9154715090513991,
      0.783531083133274,
      0.7057905766529778,
      0.6495412189644366,
      0.6779494692627995,
      0.7379622923109097
    ],
    "test_acc": [
      65.61,
      67.54,
      72.73,
      76.24,
      77.88,
      76.67,
      74.56
    ]
  }
}