{
  "config": {
    "run_name": "exp2_L2_K64-128-256-512",
    "out_dir": "./results",
    "seed": 1888195830,
    "bs_train": 128,
    "bs_test": 32,
    "batches": 100,
    "epochs": 100,
    "early_stopping": 2,
    "checkpoints": null,
    "lr": 0.001,
    "reg": 0.001,
    "filters_per_layer": [
      64,
      128,
      256,
      512
    ],
    "layers_per_block": 2,
    "pool_every": 2,
    "hidden_dims": [
      1024
    ],
    "ycn": true,
    "kw": {}
  },
  "results": {
    "num_epochs": 18,
    "train_loss": [
      1.2077866975608689,
      0.7827514698133444,
      0.6518564349245233,
      0.5794630424903177,
      0.5250542510653395,
      0.48490275408300904,
      0.4519457405104357,
      0.42714197514459606,
      0.3994574697731096,
      0.3747601549872352,
      0.36271060766923763,
      0.34499454330605317,
      0.3341427800219382,
      0.32314330274644104,
      0.3172419220971329,
      0.29997772439513976,
      0.29740983400198506,
      0.2859006216535178,
      0.28258012652473374
    ],
    "train_acc": [
      56.016,
      72.72,
      77.448,
      80.13,
      82.198,
      83.516,
      84.72,
      85.534,
      86.364,
      87.33,
      87.624,
      88.306,
      88.622,
      89.056,
      89.306,
      89.886,
      89.734,
      90.292,
      90.352
    ],
    "test_loss": [
      1.1686240767899412,
      0.8446246748343824,
      0.8849200951976898,
      0.8434406256142516,
      0.6658406547083261,
      0.6190082615080733,
      0.6328097123402757,
      0.5195396325458734,
      0.5553816384115158,
      0.5080501452421609,
      0.5328426268725349,
      0.4788541171592645,
      0.6152446336401537,
      0.5424824008545556,
      0.48175750211024054,
      0.47572110521907623,
      0.44621012067071164,
      0.5039192820176149,
      0.5466515186686105
    ],
    "test_acc": [
      59.5,
      71.34,
      70.26,
      71.13,
      77.41,
      79.0,
      78.97,
      82.35,
      81.1,
      82.07,
      82.08,
      84.05,
      79.35,
      81.8,
      83.7,
      83.84,
      84.93,
      83.25,
      81.39
    ]
  }
}