{
  "config": {
    "run_name": "exp2_L3_K64-128-256-512",
    "out_dir": "./results",
    "seed": 22828674,
    "bs_train": 128,
    "bs_test": 32,
    "batches": 100,
    "epochs": 100,
    "early_stopping": 3,
    "checkpoints": null,
    "lr": 0.001,
    "reg": 0.001,
    "filters_per_layer": [
      64,
      128,
      256,
      512
    ],
    "layers_per_block": 3,
    "pool_every": 2,
    "hidden_dims": [
      1024
    ],
    "ycn": true,
    "kw": {}
  },
  "results": {
    "num_epochs": 28,
    "train_loss": [
      1.3376467913922752,
      0.9105760628914894,
      0.7602659723033076,
      0.6780035061299649,
      0.6216334535947541,
      0.5691412656813326,
      0.5402692139453595,
      0.5048170317621792,
      0.4789396863611763,
      0.4576175351581915,
      0.4452603504709575,
      0.4179879019556143,
      0.4217063799462355,
      0.39877914719264523,
      0.38618875937083796,
      0.38199823008626316,
      0.37299631394998495,
      0.36435287329546934,
      0.35278610347786826,
      0.3529227716691049,
      0.34336859052595886,
      0.33993372869918415,
      0.3347594172829557,
      0.3263019865278698,
      0.32201292699255296,
      0.3237026408886361,
      0.3149355098871929,
      0.31442946210846573,
      0.3138973463107558
    ],
    "train_acc": [
      50.85,
      68.06,
      73.616,
      76.844,
      78.98,
      80.876,
      81.806,
      83.156,
      83.95,
      84.698,
      85.164,
      86.088,
      86.064,
      86.73,
      87.102,
      87.378,
      87.604,
      87.934,
      88.348,
      88.422,
      88.726,
      88.708,
      88.792,
      89.13,
      89.196,
      89.148,
      89.394,
      89.498,
      89.566
    ],
    "test_loss": [
      1.595768845881136,
      1.074294615667849,
      1.1524939565612866,
      0.7075307309246672,
      0.8984379125669741,
      0.9540323779796259,
      0.6321232400287073,
      0.5709006052476149,
      0.595609826258958,
      0.6250241754439693,
      0.5407259118157073,
      0.5619323657819638,
      0.5979366463879807,
      0.5140284845432915,
      0.5286042065666126,
      0.4892946793058048,
      0.46160179547989333,
      0.5598928736040767,
      0.494610555446186,
      0.4627472505021019,
      0.5437470268898498,
      0.4285482832322867,
      0.4609768749140322,
      0.5009154864964774,
      0.4710670898849972,
      0.43278042184183013,
      0.43408053542097536,
      0.4826818534646171,
      0.5126377148464465
    ],
    "test_acc": [
      43.45,
      61.16,
      61.38,
      75.52,
      69.51,
      69.25,
      78.8,
      80.88,
      80.91,
      79.32,
      82.22,
      81.95,
      80.47,
      83.05,
      82.56,
      83.63,
      84.54,
      80.98,
      83.29,
      84.52,
      82.18,
      85.76,
      84.46,
      83.45,
      84.63,
      85.81,
      85.98,
      84.05,
      83.34
    ]
  }
}