{
  "config": {
    "run_name": "exp2_L4_K64-128-256-512",
    "out_dir": "./results",
    "seed": 470496819,
    "bs_train": 128,
    "bs_test": 32,
    "batches": 100,
    "epochs": 100,
    "early_stopping": 3,
    "checkpoints": null,
    "lr": 0.001,
    "reg": 0.001,
    "filters_per_layer": [
      64,
      128,
      256,
      512
    ],
    "layers_per_block": 4,
    "pool_every": 2,
    "hidden_dims": [
      1024
    ],
    "ycn": true,
    "kw": {}
  },
  "results": {
    "num_epochs": 39,
    "train_loss": [
      1.5526940700648082,
      1.09950051816833,
      0.9305278442399886,
      0.8338132249119946,
      0.7542746330770995,
      0.6910161696126699,
      0.6512846783603854,
      0.6121934252931639,
      0.5838035720845928,
      0.5612773757304073,
      0.5388408393201316,
      0.5151348089623025,
      0.49922552620968247,
      0.4904520607665372,
      0.47146735182198724,
      0.4622939865454993,
      0.4438803659756775,
      0.4390027500174539,
      0.4284922577002469,
      0.4221813009904169,
      0.4139602435824206,
      0.413959631872604,
      0.40375902699997357,
      0.3990748464070318,
      0.3886008889550138,
      0.3853966065913515,
      0.3799654451553779,
      0.3782851676959211,
      0.3785921678213817,
      0.3697822898092782,
      0.37016078559181576,
      0.36208636277471967,
      0.36515195035111264,
      0.35520494323404855,
      0.36340281378735056,
      0.3561606142679444,
      0.3583993358761453,
      0.35012906401053717,
      0.35047244918925685,
      0.3503771551201106
    ],
    "train_acc": [
      41.232,
      60.3,
      67.26,
      71.186,
      74.472,
      76.792,
      78.298,
      79.702,
      80.6,
      81.398,
      82.292,
      83.11,
      83.598,
      83.848,
      84.448,
      84.696,
      85.51,
      85.458,
      85.984,
      86.086,
      86.454,
      86.304,
      86.768,
      86.828,
      87.178,
      87.42,
      87.49,
      87.598,
      87.486,
      87.72,
      88.0,
      88.068,
      88.088,
      88.27,
      88.004,
      88.296,
      88.244,
      88.544,
      88.516,
      88.448
    ],
    "test_loss": [
      2.291105399497401,
      1.3196378285511614,
      1.0407834075891171,
      0.9019869520260503,
      0.8101857019879948,
      0.8354408973322128,
      0.6852341857009803,
      0.8964519709253463,
      0.7374911875770496,
      0.810571022498341,
      0.7022370415659377,
      0.6176728360569135,
      0.7163382170680231,
      0.5483413389601266,
      0.6724176751062892,
      0.49738649364572746,
      0.5434442449111146,
      0.5701064693089872,
      0.5306465080656564,
      0.5702111678192029,
      0.5691552845338663,
      0.5403400194435455,
      0.5639450960932448,
      0.5383770191631378,
      0.5157621777571809,
      0.4663722802893803,
      0.4994565210403345,
      0.48348356226381783,
      0.4918705103591608,
      0.48721688188398227,
      0.4723597969205235,
      0.485690453420051,
      0.44302570291411003,
      0.46968457048026896,
      0.518038745743398,
      0.4763202219725417,
      0.46354891086062683,
      0.4905119027478245,
      0.4972079261280477,
      0.5135364127806581
    ],
    "test_acc": [
      24.44,
      53.34,
      63.23,
      69.59,
      72.08,
      71.51,
      76.31,
      69.55,
      76.4,
      74.5,
      77.64,
      79.85,
      76.29,
      82.19,
      78.07,
      83.69,
      82.0,
      81.49,
      82.46,
      81.82,
      81.7,
      81.52,
      81.48,
      82.84,
      82.59,
      84.58,
      83.5,
      84.22,
      83.75,
      83.55,
      84.9,
      83.76,
      85.89,
      84.59,
      82.87,
      84.7,
      85.03,
      83.98,
      83.5,
      83.42
    ]
  }
}